filename,rms,zcr,fft,mfcc_1,mfcc_2,mfcc_3,mfcc_4,mfcc_5,mfcc_6,mfcc_7,mfcc_8,mfcc_9,mfcc_10,mfcc_11,mfcc_12,mfcc_13
section_00_0127.wav,0.028810882940888405,0.11621291434716599,4.2652907371521,-226.3902130126953,68.29081726074219,9.893896102905273,22.562084197998047,10.282072067260742,17.462451934814453,7.439953804016113,11.638355255126953,-2.1722822189331055,6.9934587478637695,-3.3187389373779297,5.424759864807129,-4.488799571990967
section_00_0133.wav,0.027387378737330437,0.11183815156882591,5.31043815612793,-224.38743591308594,77.9231185913086,-1.3647202253341675,17.4156551361084,2.685666561126709,18.466432571411133,0.2806093692779541,14.785152435302734,8.163195610046387,9.067873001098633,-5.488346576690674,10.418340682983398,-1.0514655113220215
section_00_0090.wav,0.0370885394513607,0.09761078251518218,4.505219459533691,-198.85594177246094,95.20763397216797,-16.626222610473633,22.385129928588867,4.164653778076172,7.955379009246826,-4.843523025512695,4.625164985656738,-1.413942813873291,17.631990432739258,-0.8829501271247864,5.074995517730713,-8.357648849487305
section_00_0084.wav,0.02610338293015957,0.08262035045546559,2.5363781452178955,-292.4422302246094,51.91685485839844,58.63734817504883,52.84596633911133,25.990646362304688,23.144277572631836,0.7625898122787476,3.0118463039398193,-3.9098968505859375,-5.981164932250977,-17.98883056640625,-1.2121342420578003,-2.3150808811187744
section_00_0053.wav,0.031152520328760147,0.10398413777834008,4.3805389404296875,-214.5679473876953,82.94312286376953,-1.6026867628097534,23.4724063873291,6.640535831451416,16.91958236694336,-7.534133434295654,9.90803337097168,7.018711090087891,12.641949653625488,-5.22521448135376,6.3785080909729,1.1164202690124512
section_00_0047.wav,0.02855379693210125,0.1119112949139676,3.8182594776153564,-198.55335998535156,93.94412994384766,-12.18514347076416,8.915462493896484,-4.814026832580566,8.149759292602539,-6.679306983947754,9.85094165802002,8.900379180908203,14.277207374572754,4.261887550354004,13.122952461242676,-9.753907203674316
section_00_0046.wav,0.025717753916978836,0.1477594414220648,3.2432570457458496,-254.20718383789062,35.709476470947266,39.07532501220703,54.646278381347656,20.528650283813477,20.59739875793457,-10.195652961730957,17.383136749267578,5.613868236541748,-3.3901031017303467,-10.14488697052002,5.655387878417969,-8.648380279541016
section_00_0052.wav,0.02888278290629387,0.2562586981275304,5.851250648498535,-157.0824432373047,35.973716735839844,7.803463935852051,17.60860252380371,3.9564545154571533,12.437347412109375,-7.627987384796143,7.116328716278076,3.1965510845184326,4.925130367279053,6.511366844177246,6.220041751861572,-3.6512277126312256
section_00_0085.wav,0.026032183319330215,0.11394744749493928,3.5428621768951416,-202.9944610595703,88.63484954833984,-10.41692066192627,13.841630935668945,-1.9761468172073364,7.697786331176758,-5.6103339195251465,10.145434379577637,4.9627861976623535,13.393013000488281,2.6123971939086914,13.853517532348633,-8.877546310424805
section_00_0091.wav,0.02918573096394539,0.10735466219635628,3.7321736812591553,-197.6741485595703,91.27293395996094,-15.337528228759766,8.568726539611816,-2.129744529724121,10.448708534240723,-4.697065830230713,10.57184886932373,6.197078704833984,13.034067153930664,0.3933183252811432,13.05428409576416,-5.273426055908203
section_00_0132.wav,0.02708643488585949,0.10802876707995951,4.012923240661621,-214.18324279785156,85.74674987792969,-4.167941093444824,17.375316619873047,2.6868700981140137,16.95865249633789,-0.8444008231163025,8.174436569213867,8.407125473022461,14.832756996154785,-3.0391054153442383,4.7956366539001465,-3.066286325454712
section_00_0126.wav,0.03471802920103073,0.05503937879554656,3.2036657333374023,-251.53868103027344,82.1304931640625,22.062223434448242,22.85347557067871,9.030595779418945,15.791169166564941,6.3482561111450195,3.823812484741211,5.440449237823486,4.960244655609131,-6.436182498931885,2.6092677116394043,-4.074192047119141
section_00_0130.wav,0.029850123450160027,0.11590254934210527,3.9695467948913574,-190.01951599121094,88.2159194946289,-12.626962661743164,5.736424922943115,-1.9212229251861572,11.544282913208008,-5.501666069030762,10.565908432006836,8.050427436828613,12.288874626159668,1.9798321723937988,13.512120246887207,-7.3552165031433105
section_00_0124.wav,0.029379021376371384,0.10843204390182186,3.84262752532959,-194.99427795410156,93.24190521240234,-13.631697654724121,10.423704147338867,-2.707782030105591,9.329508781433105,-5.431519985198975,9.922466278076172,4.964257717132568,12.029123306274414,1.2764832973480225,12.084735870361328,-7.388851642608643
section_00_0118.wav,0.030357500538229942,0.11454840903340081,3.9730582237243652,-188.14889526367188,88.96255493164062,-12.52942943572998,6.211159706115723,-2.4178552627563477,11.163500785827637,-5.966329574584961,10.802959442138672,8.298470497131348,12.035701751708984,3.1361539363861084,13.507486343383789,-7.454550266265869
section_00_0087.wav,0.04243158921599388,0.051514660298582995,3.4955027103424072,-237.5342559814453,86.62136840820312,18.478822708129883,24.99799156188965,7.396064281463623,16.38658332824707,4.825925350189209,2.96628999710083,5.226129531860352,5.423411846160889,-0.4424581229686737,2.6243393421173096,-5.3151421546936035
section_00_0093.wav,0.04456773400306702,0.09274378479251012,5.114776134490967,-186.7410430908203,98.11898040771484,-17.659543991088867,24.58327865600586,3.0993309020996094,8.610687255859375,-3.907696485519409,4.8224616050720215,-0.6338660717010498,18.669994354248047,-0.19047534465789795,5.192941188812256,-6.264557361602783
section_00_0044.wav,0.03343173861503601,0.049518044660931175,2.983452558517456,-262.0938720703125,83.95879364013672,24.79328155517578,27.3602294921875,5.844648361206055,16.97470474243164,5.383543968200684,6.617198467254639,5.3309783935546875,5.230161190032959,-4.292119979858398,2.458653688430786,-4.353094100952148
section_00_0050.wav,0.028771303594112396,0.10475115447874495,3.2383534908294678,-262.8728942871094,46.23136901855469,50.183963775634766,49.91554641723633,29.808025360107422,22.743377685546875,-0.9826904535293579,1.7225003242492676,-7.36393404006958,-2.819913864135742,-13.806694984436035,1.7219210863113403,-2.1901543140411377
section_00_0078.wav,0.031054986640810966,0.11108101910425101,4.620215892791748,-202.76669311523438,82.0940170288086,-2.7957704067230225,17.372276306152344,6.5165581703186035,17.1855525970459,-1.9836162328720093,10.568774223327637,6.155615329742432,16.67331886291504,-2.3857688903808594,4.213717937469482,-1.5110445022583008
section_00_0079.wav,0.04101128131151199,0.04234208944838057,2.9974420070648193,-255.200439453125,85.54468536376953,17.810020446777344,35.38119125366211,6.286514759063721,18.865703582763672,3.168278694152832,5.360472202301025,5.080801963806152,6.8793416023254395,-4.907334327697754,4.213837623596191,-5.497937202453613
section_00_0051.wav,0.03426734358072281,0.09237806806680161,3.9441139698028564,-198.82681274414062,93.20255279541016,-14.877744674682617,9.739023208618164,-1.7090870141983032,10.662823677062988,-2.79921293258667,10.471624374389648,7.213799476623535,12.092605590820312,1.181065320968628,13.155710220336914,-6.256805896759033
section_00_0045.wav,0.0388055182993412,0.09185024987348178,4.4300947189331055,-203.7755126953125,98.20047760009766,-17.06403923034668,25.13269805908203,3.71864914894104,8.810592651367188,-3.384995937347412,3.6407718658447266,0.5145621299743652,17.527240753173828,-0.6111783385276794,4.61218786239624,-7.390124797821045
section_00_0092.wav,0.035332079976797104,0.0515858267965587,3.050271511077881,-250.17007446289062,80.21556854248047,27.622346878051758,24.057289123535156,8.301630973815918,14.445727348327637,4.415066719055176,1.5022271871566772,3.0220932960510254,6.851558685302734,-2.055051565170288,4.656774997711182,-2.842270851135254
section_00_0086.wav,0.031546447426080704,0.24960067687246965,6.268041610717773,-146.94313049316406,36.28873825073242,0.6833983659744263,12.31092357635498,11.252586364746094,4.081961631774902,-3.80464243888855,9.774147033691406,-2.7832226753234863,11.224250793457031,1.732652187347412,9.242762565612793,-3.376492977142334
section_00_0119.wav,0.028453845530748367,0.11212677125506072,5.233087062835693,-217.3852996826172,80.68082427978516,-1.6151061058044434,20.667314529418945,7.137629985809326,16.922937393188477,-3.750694751739502,10.431780815124512,6.965184688568115,12.975211143493652,-3.4202399253845215,8.020706176757812,-1.82404625415802
section_00_0125.wav,0.031339965760707855,0.19225629428137653,6.190515995025635,-167.4503936767578,45.317893981933594,-1.2596044540405273,20.646345138549805,12.040738105773926,7.127490043640137,-3.3785786628723145,9.074514389038086,-1.3284939527511597,6.757802963256836,2.0264203548431396,7.2378106117248535,-3.9016153812408447
section_00_0131.wav,0.027316603809595108,0.12531036500506074,4.114103317260742,-249.05165100097656,63.3137321472168,28.800283432006836,31.64937400817871,2.9648983478546143,18.957012176513672,8.700027465820312,9.598777770996094,-0.4921049475669861,8.16294002532959,-0.2920311689376831,4.22152853012085,-0.5885478854179382
section_00_0109.wav,0.0404980294406414,0.09380535172064777,4.76069450378418,-197.98193359375,92.65718841552734,-14.161910057067871,22.847824096679688,5.714371204376221,6.4941487312316895,-3.8120696544647217,5.20591926574707,-1.2095026969909668,18.28835105895996,-1.3035569190979004,4.707869052886963,-7.422539234161377
section_00_0135.wav,0.03513292968273163,0.03680296368927125,2.4593849182128906,-285.637451171875,93.22506713867188,25.633527755737305,34.97850799560547,5.560375690460205,19.328947067260742,1.8463537693023682,3.5029313564300537,1.683060646057129,8.112686157226562,-7.253118515014648,6.933683395385742,-5.153828144073486
section_00_0121.wav,0.026044335216283798,0.14871821229757085,3.05646014213562,-264.1405334472656,36.609832763671875,52.730777740478516,46.69425964355469,23.397808074951172,29.755313873291016,-8.365946769714355,9.055741310119629,-4.072941780090332,-2.0454776287078857,-13.293255805969238,-0.3442389667034149,2.72594952583313
section_00_0082.wav,0.028802132233977318,0.11664386702935223,4.046656608581543,-191.8772430419922,88.74531555175781,-9.558337211608887,12.254216194152832,-2.783926248550415,7.999766826629639,-3.9101755619049072,8.672056198120117,5.562911033630371,13.990099906921387,3.8322999477386475,13.121160507202148,-9.093908309936523
section_00_0096.wav,0.03823358193039894,0.045174911437246966,3.144665241241455,-263.3393859863281,90.81327819824219,23.142488479614258,31.938539505004883,4.152244567871094,18.046972274780273,5.824726581573486,4.937874794006348,4.507936000823975,5.527556896209717,-5.285067558288574,4.536097526550293,-5.055773735046387
section_00_0069.wav,0.03439376875758171,0.10321712107793522,4.366173267364502,-201.5585174560547,98.44474792480469,-18.90143394470215,23.432968139648438,5.0206379890441895,8.15988826751709,-2.0622758865356445,3.342041492462158,1.1613386869430542,17.66572380065918,-1.4632285833358765,4.717959403991699,-8.592190742492676
section_00_0041.wav,0.03487630933523178,0.09678248355263158,3.990351676940918,-212.6758270263672,94.5722885131836,-15.495528221130371,24.88547134399414,5.144908905029297,8.334846496582031,-2.03033709526062,5.159336566925049,-0.23970909416675568,18.352741241455078,-1.7824125289916992,5.135631561279297,-8.547918319702148
section_00_0055.wav,0.035389866679906845,0.06571039979757085,3.548846960067749,-239.09259033203125,80.53915405273438,20.74247932434082,24.421098709106445,10.458575248718262,13.709881782531738,6.12441873550415,4.3867268562316895,5.325530529022217,3.993124008178711,-4.064678192138672,3.725188970565796,-4.611853122711182
section_00_0054.wav,0.0399598591029644,0.03689982920040486,2.742124319076538,-274.5129699707031,94.93824005126953,24.19184112548828,37.204864501953125,5.19943380355835,17.383716583251953,3.0959906578063965,5.158499240875244,0.47941911220550537,4.971848487854004,-8.345108985900879,8.269947052001953,-5.315323829650879
section_00_0040.wav,0.026885267347097397,0.2388189524291498,5.665709495544434,-173.01112365722656,33.96519088745117,-3.4083573818206787,17.486705780029297,11.620640754699707,6.891157150268555,-2.8636369705200195,11.186471939086914,1.6027873754501343,4.632418155670166,2.418078660964966,9.880956649780273,-1.6188511848449707
section_00_0068.wav,0.038397952914237976,0.04628392269736842,3.0095114707946777,-260.669677734375,84.72178649902344,28.753870010375977,30.053508758544922,6.553114891052246,15.520723342895508,3.6430506706237793,2.2469215393066406,0.004470732528716326,7.2829508781433105,-4.970925807952881,2.6998982429504395,-4.595578670501709
section_00_0097.wav,0.025398308411240578,0.15943667763157895,3.5238964557647705,-234.3673553466797,29.52444839477539,33.18597412109375,51.461830139160156,31.003353118896484,23.04259490966797,-5.899900436401367,8.984634399414062,-2.630894422531128,-5.110090732574463,-14.088364601135254,2.946906805038452,-0.8457791209220886
section_00_0083.wav,0.027408795431256294,0.17327263094635628,4.605474472045898,-220.8518524169922,56.946468353271484,18.08470344543457,22.9641170501709,9.024430274963379,13.122553825378418,12.536401748657227,9.611674308776855,-1.1954445838928223,9.622031211853027,1.0421277284622192,4.802328586578369,-0.23276165127754211
section_00_0120.wav,0.04043164476752281,0.05826954706477733,3.8634510040283203,-227.28396606445312,83.47184753417969,14.01968765258789,24.69109535217285,7.846982002258301,13.943737030029297,5.913761615753174,4.550621032714844,4.765227317810059,6.328691005706787,-2.3683838844299316,1.0362896919250488,-5.20334529876709
section_00_0134.wav,0.035337936133146286,0.10204682755566802,4.392395973205566,-200.6324920654297,98.90461730957031,-18.956684112548828,23.52903938293457,5.198206424713135,8.048413276672363,-2.1782608032226562,3.4641177654266357,1.0671802759170532,17.506240844726562,-0.9624732136726379,4.372140407562256,-8.120530128479004
section_00_0108.wav,0.02649076282978058,0.15973122785931174,4.2521443367004395,-239.3809051513672,56.781036376953125,26.369199752807617,26.435625076293945,5.395605087280273,19.749605178833008,11.91547966003418,11.562772750854492,0.5167373418807983,7.636253833770752,-1.3079438209533691,6.091480731964111,0.8703356981277466
section_00_0122.wav,0.03883003443479538,0.1014379586285425,4.846840858459473,-190.81781005859375,97.97022247314453,-18.526355743408203,23.182106018066406,5.157270908355713,7.558022499084473,-2.858016014099121,4.04620885848999,0.46474120020866394,18.147584915161133,-1.0294536352157593,5.441657543182373,-7.859840393066406
section_00_0136.wav,0.026549385860562325,0.17725597798582995,5.104618072509766,-191.43405151367188,54.985538482666016,-14.310653686523438,19.982398986816406,11.644890785217285,8.068217277526855,-3.5377695560455322,13.131869316101074,-4.275627613067627,7.607500076293945,3.9104442596435547,7.509836196899414,-2.0299558639526367
section_00_0095.wav,0.027746910229325294,0.20049777011639677,5.252167224884033,-166.15769958496094,45.8240966796875,-6.767328262329102,17.800838470458984,13.635315895080566,9.348573684692383,-2.7717161178588867,12.811410903930664,-1.7900141477584839,5.461602687835693,2.5418879985809326,9.087394714355469,0.1602453887462616
section_00_0081.wav,0.027696359902620316,0.16003170862854252,4.959771156311035,-181.0323944091797,68.64408874511719,-14.223796844482422,17.84627914428711,11.957727432250977,10.995267868041992,-2.290794610977173,9.108129501342773,-0.08324892818927765,6.069605827331543,3.282540798187256,10.01596736907959,-2.456138849258423
section_00_0056.wav,0.0356014184653759,0.05437911184210526,3.0496578216552734,-248.37933349609375,78.69654846191406,25.355627059936523,23.90345001220703,10.253037452697754,13.184206008911133,6.66241979598999,4.937740325927734,4.441468238830566,5.011763095855713,-4.238765716552734,2.0011017322540283,-4.961694717407227
section_00_0042.wav,0.03590814024209976,0.04579564144736842,2.915316581726074,-262.0414733886719,90.24242401123047,18.68333625793457,33.58479309082031,3.08256196975708,17.563398361206055,4.73530912399292,7.194704055786133,5.410759449005127,5.741799831390381,-6.3712873458862305,6.454676628112793,-5.119663715362549
section_00_0043.wav,0.026289597153663635,0.1095212866902834,3.8207385540008545,-234.8916015625,71.15625,9.417488098144531,25.74788475036621,10.704980850219727,17.930068969726562,8.244207382202148,11.488152503967285,-1.6161904335021973,7.1647796630859375,-2.8216512203216553,6.1713666915893555,-3.5563864707946777
section_00_0057.wav,0.040222980082035065,0.09578812942813765,4.556388854980469,-196.87396240234375,95.05546569824219,-16.296632766723633,22.45989227294922,5.781789302825928,7.6098198890686035,-2.4221794605255127,4.8710832595825195,-0.13567861914634705,18.180192947387695,-1.9606410264968872,4.928059101104736,-8.463640213012695
section_00_0080.wav,0.02506362646818161,0.127198254048583,4.113927841186523,-228.64846801757812,63.17511749267578,20.6669921875,23.5076961517334,6.657932281494141,14.910414695739746,6.89523983001709,7.053297996520996,0.9054519534111023,7.701009273529053,-1.6506633758544922,3.914454698562622,-2.541729688644409
section_00_0094.wav,0.028705362230539322,0.10873450151821862,4.740153789520264,-215.30474853515625,82.97648620605469,-4.113831520080566,17.562711715698242,3.7053568363189697,19.25516700744629,-1.358302116394043,10.20486831665039,5.40099573135376,11.715462684631348,-5.34920597076416,6.595310688018799,3.6986076831817627
section_00_0137.wav,0.030933286994695663,0.12439706161437247,5.218347072601318,-196.06558227539062,77.66145324707031,-4.2012457847595215,15.080670356750488,4.080484867095947,16.376644134521484,-0.5601283311843872,11.025616645812988,6.0345964431762695,17.592327117919922,-1.0275545120239258,4.695662975311279,-0.9693775773048401
section_00_0123.wav,0.02962685376405716,0.11829651126012146,3.59285044670105,-231.7512969970703,43.193572998046875,38.4443244934082,44.68062973022461,28.743297576904297,20.813398361206055,-3.297166585922241,4.296779155731201,-2.2324135303497314,0.11301227658987045,-12.350372314453125,1.2538089752197266,-1.9352689981460571
section_00_0187.wav,0.02881820686161518,0.13638268598178138,5.538877487182617,-206.0836181640625,70.6543960571289,1.227421760559082,19.281455993652344,3.5263497829437256,17.437976837158203,-0.7137757539749146,10.997944831848145,4.892142295837402,17.764812469482422,-2.322991371154785,5.909392356872559,-1.9440958499908447
section_00_0193.wav,0.030272262170910835,0.2954259710273279,6.423747539520264,-156.03591918945312,20.235788345336914,3.9855167865753174,17.455669403076172,12.750377655029297,6.859021186828613,2.036803722381592,9.050564765930176,5.84563684463501,5.013314723968506,2.434229850769043,12.832975387573242,-4.333518028259277
section_00_0144.wav,0.028235772624611855,0.14962163145242915,4.333777904510498,-206.6463165283203,57.46273422241211,19.5946102142334,32.458003997802734,4.510741710662842,13.419622421264648,8.143540382385254,7.498725414276123,-3.3043055534362793,10.41516399383545,-4.694911003112793,5.05885124206543,-2.6516847610473633
section_00_0150.wav,0.029028436169028282,0.10448032641700405,3.8337459564208984,-209.79750061035156,74.17906951904297,11.491820335388184,24.642282485961914,4.447676181793213,20.666473388671875,8.107417106628418,7.033149719238281,-1.7525750398635864,8.628286361694336,-1.4305988550186157,2.3902292251586914,-5.499814510345459
section_00_0178.wav,0.02493683248758316,0.13631942687246965,3.0593628883361816,-265.24310302734375,39.339393615722656,46.255088806152344,52.34577560424805,23.482324600219727,22.49700355529785,-6.2590155601501465,13.022982597351074,0.7788214683532715,-4.810544013977051,-12.746989250183105,2.9870550632476807,-5.184783935546875
section_00_0030.wav,0.028794895857572556,0.11014201670040485,3.67913818359375,-200.19590759277344,93.21292877197266,-16.647567749023438,10.072372436523438,-2.7560431957244873,11.679349899291992,-4.595487117767334,10.721526145935059,7.7030181884765625,13.299619674682617,0.8749868869781494,12.502375602722168,-4.926080703735352
section_00_0024.wav,0.030614087358117104,0.22686495761639677,6.250895023345947,-169.1690673828125,43.877742767333984,0.9530833959579468,17.77405548095703,14.347304344177246,0.12266583740711212,-6.893570423126221,12.205572128295898,-3.3168587684631348,7.204444408416748,3.9538915157318115,13.81602954864502,-0.9478883147239685
section_00_0018.wav,0.03812756761908531,0.09559439840587045,4.588517189025879,-195.78147888183594,94.77445220947266,-16.095998764038086,21.384777069091797,4.523088455200195,8.360305786132812,-5.1590986251831055,4.894836902618408,-1.599996566772461,17.917890548706055,-1.4535439014434814,5.3550028800964355,-8.347600936889648
section_00_0019.wav,0.03170645236968994,0.10015893851214575,4.006221294403076,-191.26205444335938,89.76872253417969,-10.352767944335938,12.56692886352539,-2.5817742347717285,9.045354843139648,-5.038562297821045,9.986576080322266,4.255866527557373,14.463924407958984,2.989962100982666,12.556602478027344,-8.720366477966309
section_00_0025.wav,0.027202868834137917,0.11238771508097166,3.6847665309906006,-199.34011840820312,90.15632629394531,-11.194366455078125,15.134817123413086,-2.1820106506347656,8.352189064025879,-5.726137638092041,10.213802337646484,5.404940128326416,13.087118148803711,3.478584051132202,13.293437004089355,-8.402565002441406
section_00_0031.wav,0.042506951838731766,0.09202618927125505,4.980129241943359,-187.97933959960938,100.15522003173828,-18.73508644104004,24.96886444091797,3.3860297203063965,8.568230628967285,-3.702427625656128,4.629483699798584,-0.4705750644207001,18.54128646850586,-0.15255656838417053,5.47503137588501,-6.408967018127441
section_00_0179.wav,0.028916236013174057,0.10015300797064777,3.731511116027832,-201.00794982910156,89.59436798095703,-9.415628433227539,12.730181694030762,-2.467071056365967,9.018166542053223,-3.7948617935180664,9.383942604064941,5.0703206062316895,14.770368576049805,2.2052876949310303,12.28580093383789,-8.889707565307617
section_00_0151.wav,0.033240027725696564,0.1105472703694332,4.419415473937988,-182.52906799316406,91.4646224975586,-11.898368835449219,11.375812530517578,-0.8773307800292969,7.631561279296875,-5.591314792633057,9.237914085388184,8.059721946716309,12.865496635437012,3.670929193496704,14.935123443603516,-9.403675079345703
section_00_0145.wav,0.028477363288402557,0.16730255250506074,3.5539252758026123,-268.2643737792969,38.62998962402344,56.663516998291016,49.26848602294922,17.616771697998047,24.936052322387695,-7.994758605957031,8.586115837097168,-2.4812099933624268,0.47632652521133423,-9.152589797973633,2.311844825744629,0.4232757091522217
section_00_0192.wav,0.030947141349315643,0.10535211601720648,4.036564350128174,-188.57334899902344,91.16004180908203,-9.579216003417969,10.75991153717041,-3.5471255779266357,9.04534912109375,-4.675562858581543,8.86634635925293,6.552147388458252,14.778091430664062,2.699782609939575,12.982532501220703,-8.945196151733398
section_00_0186.wav,0.029826940968632698,0.3065615511133603,6.440880298614502,-156.81117248535156,13.622182846069336,6.338654518127441,18.707141876220703,11.784242630004883,9.67105484008789,4.298576831817627,8.458223342895508,4.702824592590332,4.42324686050415,4.236509799957275,9.676774978637695,-3.4550421237945557
section_00_0190.wav,0.033556971698999405,0.0526375094888664,3.1133780479431152,-250.23670959472656,81.13116455078125,23.445024490356445,24.87706756591797,6.604650497436523,14.091936111450195,4.988890171051025,4.47189998626709,3.0852811336517334,6.244945049285889,-2.7883474826812744,3.2044405937194824,-4.799515247344971
section_00_0184.wav,0.027455270290374756,0.10994828567813765,3.601900339126587,-202.52113342285156,89.0970687866211,-11.710929870605469,7.26657772064209,-3.9890174865722656,10.06672477722168,-4.485780239105225,9.765954971313477,7.922237873077393,13.019425392150879,-0.1941601186990738,12.819398880004883,-6.557733058929443
section_00_0153.wav,0.026664502918720245,0.11225922001518218,2.8391900062561035,-269.08160400390625,44.669883728027344,43.070037841796875,56.619972229003906,19.155977249145508,17.094703674316406,-9.494772911071777,14.064294815063477,5.550821304321289,0.052839767187833786,-10.17863941192627,6.255908966064453,-8.216761589050293
section_00_0147.wav,0.0275505892932415,0.19800694268724697,5.251458168029785,-170.69944763183594,54.78324890136719,-13.82286262512207,16.156688690185547,9.057978630065918,6.5784406661987305,-4.830968856811523,12.050332069396973,-4.764062404632568,5.94269323348999,2.497349500656128,8.205982208251953,-1.87923264503479
section_00_0027.wav,0.029178647324442863,0.1065698538714575,3.8125429153442383,-210.01205444335938,72.16682434082031,11.187361717224121,23.86510467529297,3.782855987548828,20.658771514892578,7.999998092651367,6.489275932312012,-1.7257168292999268,7.7228851318359375,-1.3792836666107178,1.536497950553894,-6.267055511474609
section_00_0033.wav,0.030401380732655525,0.10416403087044535,4.335022449493408,-200.82029724121094,86.3595962524414,-3.6646130084991455,15.215604782104492,4.3477888107299805,17.096481323242188,0.030698293820023537,12.56413459777832,8.234630584716797,13.1433687210083,-4.644288063049316,3.7549901008605957,-0.8864530324935913
section_00_0032.wav,0.03920360654592514,0.09204793459008097,4.6132612228393555,-203.2025146484375,95.29302215576172,-16.047882080078125,25.556955337524414,5.206438064575195,7.1956787109375,-2.3433949947357178,5.379425048828125,0.014192897826433182,17.336841583251953,-0.5996568202972412,4.972620487213135,-8.30783462524414
section_00_0026.wav,0.027565106749534607,0.21598439081477733,4.462324619293213,-243.2138214111328,18.939910888671875,50.58885192871094,53.5916748046875,28.43503761291504,18.89830780029297,-2.628511428833008,5.634707927703857,-3.575428009033203,-1.5875321626663208,-16.149255752563477,1.1944841146469116,-0.6683109402656555
section_00_0146.wav,0.04230392351746559,0.09092903909412955,4.828988552093506,-192.32708740234375,98.75041198730469,-18.2647762298584,25.10358238220215,5.1424665451049805,7.9972758293151855,-1.5411708354949951,4.238190650939941,0.8500228524208069,18.229923248291016,-1.0612106323242188,4.807429790496826,-7.231154918670654
section_00_0152.wav,0.03315173462033272,0.10164157388663968,4.183591365814209,-205.93092346191406,97.31497955322266,-17.9991455078125,24.663942337036133,5.017439842224121,9.010793685913086,-2.2306885719299316,3.7250680923461914,1.2496883869171143,17.61577606201172,-1.4103065729141235,4.593019485473633,-8.124016761779785
section_00_0185.wav,0.03170596808195114,0.11128661120951416,5.229197978973389,-216.14337158203125,76.01350402832031,2.163832426071167,20.554170608520508,9.249439239501953,16.643505096435547,-6.014374732971191,12.4513578414917,10.289626121520996,11.430109024047852,-8.072364807128906,7.47034215927124,1.6494090557098389
section_00_0191.wav,0.03762538731098175,0.05219074202935223,3.0124642848968506,-258.3682556152344,78.63729095458984,27.76088523864746,28.77456283569336,7.09133243560791,16.242460250854492,5.167051315307617,5.393370151519775,4.923113822937012,5.354568004608154,-5.047246932983398,4.615507125854492,-3.9785420894622803
section_00_0195.wav,0.026736561208963394,0.11290367219129555,3.941692590713501,-236.15647888183594,68.77472686767578,10.359598159790039,23.749189376831055,10.86523151397705,17.640012741088867,7.890176296234131,11.437023162841797,-1.744012713432312,7.215760231018066,-2.47773814201355,5.715323448181152,-3.4336602687835693
section_00_0181.wav,0.027986494824290276,0.13112427252024292,3.6362359523773193,-242.4447021484375,40.56631088256836,45.181339263916016,47.083187103271484,23.47294044494629,15.297139167785645,-5.127100467681885,12.582663536071777,4.834369659423828,-2.927999496459961,-11.450182914733887,5.532787322998047,-6.770252227783203
section_00_0156.wav,0.03054548241198063,0.10897370002530364,4.526247024536133,-208.00863647460938,80.2870864868164,-3.0894052982330322,17.371492385864258,1.8530787229537964,16.849346160888672,-0.4951441287994385,15.167189598083496,8.126566886901855,8.785080909729004,-4.7676262855529785,9.150350570678711,-0.6253485083580017
section_00_0142.wav,0.0384688600897789,0.05029099190283401,3.1625630855560303,-248.54457092285156,87.8223876953125,21.21959686279297,28.558977127075195,5.356405735015869,13.786334037780762,5.217881679534912,5.291451454162598,5.478469371795654,4.606252193450928,-3.6467654705047607,4.074393272399902,-4.458795070648193
section_00_0022.wav,0.029690509662032127,0.200436487854251,5.736523151397705,-164.3916473388672,50.92390823364258,-2.711378812789917,18.22120475769043,10.791229248046875,5.171128273010254,-3.4786925315856934,12.04963207244873,-2.8679518699645996,7.283215045928955,1.6060243844985962,8.517614364624023,-0.34345078468322754
section_00_0036.wav,0.04158882796764374,0.09202025872975708,4.926566123962402,-194.77786254882812,94.35597229003906,-14.23974323272705,24.14961814880371,5.752917766571045,7.208230495452881,-2.636354923248291,5.106212615966797,-0.06064232066273689,18.653079986572266,-0.5684641003608704,5.249063491821289,-6.886798858642578
section_00_0037.wav,0.035686194896698,0.09020155933704453,4.132320404052734,-209.36209106445312,94.7520751953125,-15.02851390838623,23.774700164794922,4.971120834350586,7.473224639892578,-3.174339532852173,4.563674449920654,-0.2683198153972626,18.371856689453125,-1.7053176164627075,4.424983501434326,-7.748606204986572
section_00_0023.wav,0.03150205314159393,0.10498442244433198,4.172685146331787,-187.37158203125,92.25655364990234,-8.191615104675293,11.312112808227539,-2.793227434158325,9.921343803405762,-4.788731575012207,7.650025844573975,5.8515167236328125,15.387357711791992,2.8336822986602783,12.859149932861328,-7.067835330963135
section_00_0143.wav,0.03035559132695198,0.11391977163461539,5.672733783721924,-215.09210205078125,77.28395080566406,-1.882995367050171,20.45995330810547,4.361961364746094,15.741819381713867,-3.605501651763916,12.072495460510254,9.178681373596191,13.255379676818848,-5.879664421081543,9.0486478805542,-0.5616849064826965
section_00_0157.wav,0.042886942625045776,0.08907871014676114,4.942256450653076,-195.3557586669922,96.87957000732422,-16.820356369018555,24.084653854370117,5.288597106933594,6.4399333000183105,-3.2109792232513428,4.490230560302734,-0.6556799411773682,17.641855239868164,-0.9853889346122742,3.9109725952148438,-7.059240818023682
section_00_0180.wav,0.026256529614329338,0.15565496900303644,3.5505237579345703,-237.5830841064453,34.2769889831543,35.980926513671875,54.2669677734375,19.812973022460938,17.5449161529541,-9.706117630004883,16.019023895263672,10.573741912841797,-2.103088617324829,-7.4488725662231445,5.895212173461914,-11.058429718017578
section_00_0194.wav,0.03773956000804901,0.052230278972672066,3.1549620628356934,-248.42794799804688,81.73712158203125,27.136383056640625,24.820507049560547,6.59381628036499,13.93764591217041,4.747870922088623,6.5984673500061035,3.3655426502227783,3.56017804145813,-6.999972820281982,4.319786071777344,-1.691407561302185
section_00_0182.wav,0.04128223657608032,0.08593947684716599,4.757033348083496,-198.4622344970703,96.783935546875,-17.62564468383789,24.726116180419922,4.870820045471191,6.829374313354492,-2.633380651473999,5.508328437805176,-0.7272573113441467,17.453725814819336,-0.807036280632019,4.875957012176514,-8.24898624420166
section_00_0196.wav,0.02587985247373581,0.13357951670040485,4.169122695922852,-253.47694396972656,58.75331497192383,28.094398498535156,31.253808975219727,2.048457145690918,21.632808685302734,8.032418251037598,8.936092376708984,1.300761342048645,7.569560527801514,-3.1861696243286133,4.323577404022217,-0.36776232719421387
section_00_0169.wav,0.03563464805483818,0.10183530490890688,4.419743537902832,-197.20651245117188,97.49713897705078,-18.471248626708984,23.200592041015625,4.458086967468262,8.518487930297852,-3.390082836151123,4.631213188171387,-0.19754379987716675,18.14877700805664,-1.6220821142196655,4.59258508682251,-8.15753173828125
section_00_0141.wav,0.027412567287683487,0.18520092674595143,4.698394775390625,-216.48927307128906,55.31549072265625,16.914081573486328,20.195680618286133,9.395341873168945,15.2966947555542,12.920670509338379,9.856651306152344,-0.6304219961166382,8.230415344238281,1.6012853384017944,3.556492567062378,0.7042356133460999
section_00_0155.wav,0.029912076890468597,0.10591947115384616,5.477171897888184,-219.42080688476562,82.658447265625,0.6071930527687073,20.282562255859375,5.734347343444824,17.677318572998047,-1.942428708076477,11.611163139343262,5.016266345977783,11.294656753540039,-4.446298122406006,11.181196212768555,0.8877877593040466
section_00_0009.wav,0.02513928711414337,0.12951907262145748,3.881992816925049,-248.2471160888672,61.20448684692383,27.122106552124023,30.472030639648438,2.5322341918945312,19.717496871948242,9.293781280517578,9.217182159423828,-0.08097141236066818,7.823235034942627,-1.701622486114502,3.0707576274871826,-1.933213472366333
section_00_0035.wav,0.028911340981721878,0.11865629744433198,3.416508674621582,-245.05123901367188,38.26857376098633,45.83858108520508,46.99547576904297,31.7639102935791,21.453231811523438,-3.993772506713867,4.554120063781738,-3.7022087574005127,-3.480689287185669,-13.062037467956543,0.5673374533653259,-0.8424891829490662
section_00_0021.wav,0.03883197158575058,0.08942070470647773,4.432496070861816,-202.62863159179688,96.44213104248047,-15.943680763244629,24.510562896728516,3.4624221324920654,9.649182319641113,-3.8225276470184326,4.10173225402832,0.42894628643989563,17.893644332885742,-0.8146228790283203,5.101107597351074,-7.431203842163086
section_00_0020.wav,0.03828056529164314,0.053374873481781375,3.3460333347320557,-235.90377807617188,83.16366577148438,21.309167861938477,25.335535049438477,7.915673732757568,13.656338691711426,4.568787097930908,3.3066625595092773,3.399528741836548,4.050034046173096,-3.2339606285095215,3.6355936527252197,-3.864891767501831
section_00_0034.wav,0.023753374814987183,0.13174895622469635,3.7384533882141113,-253.84539794921875,58.70629119873047,28.044384002685547,29.319618225097656,4.029207706451416,21.121248245239258,8.969034194946289,9.74349308013916,-1.3900882005691528,6.657812595367432,-2.2950854301452637,3.4404637813568115,-1.8814122676849365
section_00_0008.wav,0.025806361809372902,0.17574962044534412,4.706042766571045,-182.16415405273438,58.21049499511719,-6.911510944366455,21.918996810913086,11.3594388961792,6.870366096496582,-6.543375492095947,13.73364543914795,-2.783517599105835,5.846303939819336,2.4209117889404297,7.17531681060791,-0.8702577948570251
section_00_0154.wav,0.02919943630695343,0.24100139170040485,5.964226245880127,-162.4961700439453,33.9053955078125,-2.1189351081848145,16.664363861083984,6.044106483459473,12.193984985351562,-3.350745916366577,11.167065620422363,2.6089887619018555,5.810938835144043,5.209983825683594,7.583330154418945,-3.770195484161377
section_00_0140.wav,0.0327586866915226,0.10593528593117409,4.271176338195801,-206.01089477539062,93.55038452148438,-14.990518569946289,21.945898056030273,4.900031566619873,7.868510723114014,-3.1680033206939697,3.85715651512146,-0.16430847346782684,17.294965744018555,-1.7683544158935547,5.425566673278809,-8.463995933532715
section_00_0168.wav,0.026433764025568962,0.11961111462550607,3.166935443878174,-250.03485107421875,40.858524322509766,45.18155288696289,45.543373107910156,27.581077575683594,21.800556182861328,-3.3875832557678223,4.449032783508301,-3.302485704421997,-1.37531316280365,-13.238497734069824,2.6409802436828613,0.1520308554172516
section_00_0197.wav,0.026884673163294792,0.15626186108299595,4.237616062164307,-208.1574249267578,56.251747131347656,20.144508361816406,32.10924530029297,4.426141262054443,13.982775688171387,8.359743118286133,7.594915390014648,-3.3559930324554443,9.517904281616211,-4.740912437438965,4.723747730255127,-3.517786741256714
section_00_0183.wav,0.03810613602399826,0.10042581287955465,4.907322883605957,-192.625,96.93539428710938,-17.271678924560547,23.43661880493164,4.765666961669922,7.56137228012085,-3.03224778175354,3.9711830615997314,0.6268037557601929,17.501964569091797,-0.938737154006958,5.465500831604004,-7.5395917892456055
section_00_0165.wav,0.028222162276506424,0.3016688543775304,6.009698867797852,-163.25103759765625,21.411800384521484,11.139376640319824,21.8901424407959,8.3318510055542,8.021697044372559,-3.1835198402404785,6.01340913772583,5.646772384643555,1.3975422382354736,5.193050384521484,7.273597717285156,-2.649629592895508
section_00_0171.wav,0.030696647241711617,0.10370737917510121,3.95957350730896,-194.2495574951172,89.88433074951172,-11.358189582824707,12.50784969329834,-2.5096218585968018,8.709867477416992,-4.732550144195557,8.715072631835938,5.835290908813477,13.169050216674805,3.9296138286590576,12.995240211486816,-9.446779251098633
section_00_0159.wav,0.035864707082509995,0.05473296748481781,3.2013981342315674,-254.5513916015625,85.25617980957031,24.55230140686035,28.550670623779297,5.040041446685791,15.842799186706543,4.501110076904297,5.966042518615723,6.589888095855713,5.706026077270508,-1.8269578218460083,3.485276699066162,-5.2236714363098145
section_00_0011.wav,0.03247455134987831,0.12617820091093118,4.98663330078125,-208.9551544189453,64.00747680664062,19.771638870239258,22.25907325744629,6.4197998046875,13.768207550048828,6.556007385253906,7.503819942474365,0.7074174284934998,7.743627548217773,-1.28194260597229,3.842212677001953,-2.7218945026397705
section_00_0005.wav,0.02813389152288437,0.13832790359311742,4.717002868652344,-215.2563018798828,61.88261795043945,21.09876251220703,24.28331756591797,4.668193340301514,14.624016761779785,6.921721458435059,6.331701278686523,1.589126706123352,8.897372245788574,-2.1974430084228516,4.831289768218994,-2.6287317276000977
section_00_0039.wav,0.040553051978349686,0.09449131768724696,4.651649475097656,-196.10336303710938,95.57782745361328,-16.80183219909668,23.284603118896484,5.511407375335693,7.154969215393066,-2.196636438369751,4.729689121246338,0.11380594968795776,17.934247970581055,-1.9753557443618774,5.031554222106934,-8.358428955078125
section_00_0038.wav,0.042712025344371796,0.0591788967611336,3.7346270084381104,-234.80714416503906,79.70004272460938,21.21178436279297,31.02385711669922,4.128183841705322,13.44746208190918,6.256008625030518,5.6559977531433105,5.846575736999512,3.371213436126709,-1.380963683128357,4.9404802322387695,-4.84609842300415
section_00_0004.wav,0.027732204645872116,0.13089298140182187,3.497844696044922,-241.23779296875,38.778385162353516,39.27180862426758,48.94888687133789,23.325027465820312,18.269121170043945,-4.982794284820557,15.063218116760254,5.788130283355713,-4.650503158569336,-10.395015716552734,6.459279537200928,-5.457703590393066
section_00_0010.wav,0.02849622443318367,0.10671811740890688,5.272375583648682,-211.25296020507812,86.18045806884766,-1.0128813982009888,15.940298080444336,0.7764459848403931,17.355100631713867,-1.4604028463363647,10.694713592529297,5.875442028045654,8.379134178161621,-5.789063930511475,7.741273403167725,0.47469478845596313
section_00_0158.wav,0.027282126247882843,0.15876652644230768,4.327311992645264,-235.8246612548828,56.94580841064453,26.499664306640625,25.56104278564453,6.638725280761719,18.725608825683594,11.21744441986084,11.144829750061035,0.08492584526538849,7.259227752685547,-0.8347007632255554,6.095003604888916,0.6954023838043213
section_00_0170.wav,0.02951010875403881,0.103760754048583,3.865176200866699,-209.1696014404297,73.5796127319336,12.086488723754883,25.416004180908203,4.380177021026611,20.863910675048828,8.30210018157959,7.32155704498291,-1.5910420417785645,8.498647689819336,-0.22792799770832062,1.7801278829574585,-5.528104305267334
section_00_0164.wav,0.026441797614097595,0.10901719066295547,3.4035873413085938,-206.49151611328125,89.40296173095703,-12.840105056762695,8.822815895080566,-2.411475896835327,10.892550468444824,-2.825606346130371,9.65530776977539,4.778439044952393,11.970719337463379,0.9059593081474304,13.016861915588379,-5.081784248352051
section_00_0199.wav,0.032801300287246704,0.10750885627530364,4.826150894165039,-194.86614990234375,85.39506530761719,-5.63405704498291,16.573238372802734,2.956148624420166,17.49346923828125,-2.239149570465088,8.466887474060059,7.752146244049072,14.243884086608887,-2.2950687408447266,4.75687313079834,-3.5306851863861084
section_00_0172.wav,0.04231641814112663,0.08649299405364372,4.614442348480225,-196.75157165527344,96.90962982177734,-16.693500518798828,23.31621742248535,4.293826580047607,8.221643447875977,-4.546821594238281,5.094789028167725,-0.6453116536140442,18.916004180908203,-0.6497769355773926,4.765020847320557,-7.100700378417969
section_00_0166.wav,0.043297965079545975,0.09378558324898785,4.853387355804443,-194.14666748046875,97.66869354248047,-18.50847625732422,25.660451889038086,4.622830867767334,7.634533405303955,-1.1712275743484497,4.974064350128174,0.02837325446307659,17.634170532226562,-1.1399641036987305,4.596227169036865,-8.298376083374023
section_00_0006.wav,0.037334639579057693,0.09078868294534413,4.19534969329834,-191.000732421875,92.10777282714844,-14.150681495666504,8.661124229431152,-1.0683845281600952,9.627346992492676,-3.7308349609375,10.578744888305664,6.456501483917236,12.35546588897705,0.6699950098991394,12.983728408813477,-6.212387561798096
section_00_0012.wav,0.027208903804421425,0.27505258413461536,5.541019439697266,-168.85406494140625,23.815414428710938,13.755912780761719,22.613162994384766,10.943859100341797,7.286415100097656,2.9562904834747314,6.468549728393555,3.4595446586608887,2.8747904300689697,5.444766998291016,5.1607208251953125,-6.51795768737793
section_00_0013.wav,0.029457228258252144,0.1933376296811741,5.3765549659729,-164.90097045898438,53.608558654785156,-2.326590061187744,18.41632843017578,11.32779312133789,3.412886142730713,-8.15414810180664,10.556648254394531,-5.202309608459473,7.297407627105713,3.402951717376709,11.911160469055176,-0.9116020798683167
section_00_0007.wav,0.02426890656352043,0.07508263221153846,2.3067924976348877,-302.19647216796875,53.27292251586914,52.87204360961914,55.61846923828125,24.85529899597168,29.129716873168945,1.9061496257781982,5.826880931854248,-0.8517584800720215,-3.401075839996338,-16.35188865661621,-1.3042761087417603,-1.7327862977981567
section_00_0167.wav,0.02819189615547657,0.10990677188765183,3.692965030670166,-199.4619903564453,90.0259017944336,-11.825621604919434,8.835559844970703,-3.9651150703430176,10.877829551696777,-4.376829147338867,9.763096809387207,8.499348640441895,12.548881530761719,0.6066528558731079,12.404308319091797,-6.222900390625
section_00_0173.wav,0.03220069035887718,0.2190208280617409,4.560412883758545,-234.67681884765625,14.70772933959961,67.50230407714844,45.62184524536133,20.950119018554688,23.37311363220215,-8.114737510681152,7.159683704376221,-0.46194106340408325,-2.2279040813446045,-8.73781681060791,3.5869388580322266,0.6041699647903442
section_00_0198.wav,0.042973652482032776,0.08913010817307693,4.983170032501221,-194.0923614501953,96.5513916015625,-17.385366439819336,25.31499481201172,5.2398271560668945,7.135867595672607,-1.659887433052063,5.072587490081787,-0.11422111839056015,17.537582397460938,-0.776068925857544,4.686950206756592,-8.098441123962402
section_00_0188.wav,0.03511766344308853,0.11646002024291498,4.576426029205322,-180.19631958007812,85.22709655761719,-10.767716407775879,12.13371753692627,-0.3907175362110138,7.56804895401001,-6.387045860290527,9.6044340133667,6.688021659851074,10.76402759552002,3.2592663764953613,15.123346328735352,-8.462489128112793
section_00_0177.wav,0.030460981652140617,0.10609738739878542,3.9701571464538574,-192.24227905273438,91.47815704345703,-8.766702651977539,11.939460754394531,-2.3195393085479736,8.716266632080078,-4.998750686645508,8.127677917480469,5.852160930633545,13.143200874328613,3.0217230319976807,13.84404468536377,-9.1179780960083
section_00_0163.wav,0.028189755976200104,0.1077144483805668,3.7397208213806152,-198.70790100097656,89.9178237915039,-10.946197509765625,10.3405179977417,-0.8449540138244629,7.80265474319458,-5.912353515625,9.954935073852539,7.823666095733643,13.238515853881836,2.7630562782287598,15.170862197875977,-9.441804885864258
section_00_0003.wav,0.03966104984283447,0.058613518471659916,3.4912045001983643,-230.11392211914062,79.94837951660156,20.741178512573242,23.789627075195312,7.968483924865723,12.45145034790039,3.2270889282226562,4.701292514801025,5.0101423263549805,4.118234157562256,-0.856256902217865,2.5558371543884277,-4.755914688110352
section_00_0017.wav,0.03169596940279007,0.10320723684210527,4.187643527984619,-187.52174377441406,92.85648345947266,-7.80582332611084,11.158608436584473,-2.7799127101898193,9.950384140014648,-4.537905216217041,7.326571464538574,5.357240200042725,15.179576873779297,2.6651976108551025,12.747739791870117,-7.780012607574463
section_00_0016.wav,0.027496062219142914,0.10582260564271255,3.1581032276153564,-248.14862060546875,46.3758659362793,42.90394973754883,42.82931137084961,25.645034790039062,21.51893424987793,-1.2765192985534668,3.396796703338623,-3.33965802192688,-0.6849039793014526,-11.275357246398926,2.549055814743042,-1.8935620784759521
section_00_0002.wav,0.029068611562252045,0.17237711918016194,4.913359642028809,-213.43870544433594,56.210479736328125,18.04334831237793,22.050399780273438,9.355628967285156,14.186749458312988,13.172964096069336,9.879698753356934,-0.6791978478431702,9.410431861877441,1.677438735961914,5.062588691711426,0.7022057175636292
section_00_0162.wav,0.04257158935070038,0.05395013600708502,3.6048827171325684,-229.65574645996094,80.6985092163086,24.846778869628906,24.572736740112305,8.741447448730469,10.782906532287598,6.473114967346191,2.657468557357788,4.426640033721924,5.18064546585083,-2.1783134937286377,0.9079509377479553,-3.9191930294036865
section_00_0176.wav,0.027255915105342865,0.156006847798583,3.681257963180542,-232.89111328125,35.17945098876953,35.85624313354492,51.58226013183594,23.099517822265625,19.344350814819336,-9.483673095703125,11.973618507385254,4.9800190925598145,-3.808117628097534,-8.402596473693848,4.031031131744385,-8.354373931884766
section_00_0189.wav,0.03212164714932442,0.061632164094129555,3.1657140254974365,-248.35836791992188,76.79586029052734,24.41575050354004,27.27655601501465,8.305267333984375,13.602092742919922,6.669970512390137,5.862294673919678,3.5345041751861572,4.52492094039917,-3.8686883449554443,1.880215048789978,-2.871864080429077
section_00_0148.wav,0.04413902014493942,0.0861312310222672,4.9205522537231445,-193.0602264404297,96.7892074584961,-15.649144172668457,24.882970809936523,4.388931751251221,8.526288986206055,-2.96818208694458,4.134402275085449,0.03662307187914848,18.970430374145508,-0.4159664809703827,5.397614002227783,-6.790966033935547
section_00_0160.wav,0.030630018562078476,0.25894918712044535,6.2904534339904785,-156.72955322265625,26.376150131225586,1.3697118759155273,21.5247745513916,10.849469184875488,12.65963077545166,-1.572123646736145,11.00036334991455,4.870038986206055,1.84275221824646,4.841914653778076,6.993313312530518,-1.3514409065246582
section_00_0174.wav,0.029351023957133293,0.11652525619939272,3.4315409660339355,-240.61785888671875,39.901023864746094,45.192161560058594,48.10700988769531,28.56450653076172,19.575199127197266,-3.8445372581481934,4.156802654266357,-1.8844767808914185,-1.1142970323562622,-12.568618774414062,1.82659113407135,-1.3796746730804443
section_00_0028.wav,0.03641809523105621,0.06438393534919028,3.5750796794891357,-231.6639404296875,82.63676452636719,17.70294761657715,20.446941375732422,8.089977264404297,11.339244842529297,7.360523223876953,4.229902744293213,6.386704921722412,3.5909903049468994,-2.8044207096099854,3.1568479537963867,-4.029098987579346
section_00_0014.wav,0.027360180392861366,0.1440232002783401,3.3995885848999023,-250.9663848876953,34.05461502075195,47.41060256958008,48.870731353759766,24.808286666870117,24.765933990478516,-4.466081142425537,9.731743812561035,-4.241818904876709,-3.47800612449646,-12.855777740478516,-0.5878597497940063,0.8736447691917419
section_00_0000.wav,0.028277359902858734,0.11266447368421052,4.989603519439697,-209.98175048828125,83.75413513183594,-4.492607116699219,15.216489791870117,2.2475292682647705,15.221735000610352,-1.9027190208435059,7.407601356506348,5.947519302368164,11.321257591247559,-5.183958053588867,8.449769973754883,2.024799108505249
section_00_0001.wav,0.041098881512880325,0.05144744749493927,3.465031862258911,-234.1724395751953,84.32035827636719,23.626319885253906,23.43316650390625,7.820924758911133,11.731597900390625,6.723452091217041,4.580316066741943,5.433963298797607,4.255150318145752,-1.3273415565490723,3.985877513885498,-3.030449151992798
section_00_0015.wav,0.03877956420183182,0.0926528498228745,4.569331645965576,-202.9454345703125,94.28160095214844,-14.525853157043457,24.8991641998291,4.6421799659729,8.033909797668457,-3.0458731651306152,4.981227874755859,-0.13781015574932098,17.4318904876709,-0.614854633808136,4.668376922607422,-7.743886947631836
section_00_0029.wav,0.031206678599119186,0.10683079769736842,4.050746917724609,-188.6066131591797,91.1334457397461,-8.31155014038086,10.628113746643066,-3.4880073070526123,8.831660270690918,-4.144091606140137,8.377649307250977,6.381511688232422,14.78420352935791,3.1083104610443115,13.362351417541504,-8.518974304199219
section_00_0175.wav,0.027781598269939423,0.10622192877024292,3.6241512298583984,-201.6062469482422,88.34544372558594,-10.288678169250488,12.606385231018066,-2.0369246006011963,8.070096969604492,-4.973865032196045,8.747060775756836,4.710718154907227,13.809813499450684,4.035785675048828,13.36208724975586,-9.93191146850586
section_00_0161.wav,0.027242394164204597,0.11353428643724696,3.989462375640869,-228.23463439941406,68.57327270507812,10.412810325622559,24.525558471679688,9.894211769104004,19.085798263549805,7.206856727600098,11.816058158874512,-1.8785731792449951,6.616069793701172,-4.159230709075928,6.297740459442139,-4.577098846435547
section_00_0149.wav,0.028933029621839523,0.28655388094635625,6.0596923828125,-164.1183319091797,22.71047019958496,13.62006950378418,21.43846893310547,6.800200462341309,9.796821594238281,-2.777933120727539,5.9855637550354,7.536149978637695,3.6879119873046875,6.793062686920166,6.628942012786865,-3.9074783325195312
section_00_0106.wav,0.030188316479325294,0.11120951417004049,4.468934535980225,-214.57054138183594,79.869384765625,-4.175022602081299,20.02242088317871,4.743603706359863,17.471620559692383,-6.088529586791992,12.817861557006836,10.850566864013672,12.433266639709473,-6.463818550109863,7.762821197509766,-1.2512770891189575
section_00_0112.wav,0.03531630337238312,0.05118452682186235,2.9349567890167236,-254.10678100585938,84.0219497680664,20.86351776123047,25.899747848510742,7.412118434906006,15.247276306152344,4.673819541931152,4.746124267578125,5.284101486206055,6.231200218200684,-4.430898189544678,3.70318603515625,-4.961556911468506
section_00_0099.wav,0.029394110664725304,0.10743175923582995,3.8994317054748535,-195.74424743652344,91.37049102783203,-12.66451358795166,9.943140983581543,-2.0847132205963135,8.599332809448242,-4.949639320373535,9.591925621032715,4.968470096588135,12.875640869140625,0.8202987313270569,12.71371078491211,-6.494723796844482
section_00_0072.wav,0.035504166036844254,0.11904375948886639,4.623713493347168,-179.5865020751953,83.73211669921875,-9.527292251586914,12.011192321777344,-0.42150235176086426,7.664570331573486,-5.833900451660156,9.911715507507324,6.689371585845947,11.015707969665527,3.8201329708099365,15.469807624816895,-8.06629467010498
section_00_0066.wav,0.03854939341545105,0.049385595900809716,3.1688034534454346,-241.97206115722656,83.39103698730469,23.01813316345215,25.064655303955078,6.486067771911621,11.835436820983887,3.361262798309326,3.262669324874878,1.1894750595092773,3.6749420166015625,-2.7165701389312744,2.68147349357605,-2.133167266845703
section_00_0067.wav,0.026100002229213715,0.20879657451923078,5.054686069488525,-174.1814422607422,47.403968811035156,-4.843100070953369,18.44390869140625,13.268328666687012,7.316283702850342,-4.210635185241699,12.420663833618164,-1.6710808277130127,4.688614845275879,2.0986380577087402,9.017928123474121,-1.9158111810684204
section_00_0073.wav,0.029133236035704613,0.09129870951417005,2.9179039001464844,-267.22772216796875,50.851016998291016,54.38880157470703,45.59952926635742,22.598289489746094,19.399085998535156,-3.5241334438323975,3.859753131866455,-0.20903213322162628,-0.762916088104248,-9.560165405273438,3.091352939605713,-0.2730076014995575
section_00_0098.wav,0.027575617656111717,0.14749849759615385,4.380427837371826,-236.56289672851562,58.19804000854492,25.336095809936523,27.379417419433594,5.099268436431885,19.22553825378418,11.494306564331055,10.458928108215332,0.14729821681976318,7.356832981109619,-0.5656998753547668,6.294553279876709,0.42784056067466736
section_00_0113.wav,0.02832418493926525,0.14928952112854252,5.5532684326171875,-208.96963500976562,67.81305694580078,0.7634117603302002,19.38095474243164,2.5720126628875732,17.305158615112305,-0.4170498847961426,10.812787055969238,5.740899562835693,16.887737274169922,-2.9640274047851562,4.639403343200684,-3.3271591663360596
section_00_0107.wav,0.028671573847532272,0.19280981148785425,5.384225368499756,-172.92042541503906,51.18951416015625,1.7684972286224365,23.17035675048828,12.079085350036621,5.391119003295898,-4.719693183898926,11.737759590148926,-0.7806403040885925,6.392719268798828,2.6963682174682617,7.0969977378845215,-4.163503170013428
section_00_0111.wav,0.03859828785061836,0.08965594951923077,4.369623184204102,-204.00445556640625,95.84236907958984,-15.632051467895508,23.63909149169922,4.719213008880615,7.9405975341796875,-4.017091751098633,4.795052528381348,-0.5769673585891724,19.216121673583984,-1.3778640031814575,4.513036727905273,-6.668696403503418
section_00_0105.wav,0.026736417785286903,0.10769467990890688,3.1068124771118164,-249.1355438232422,48.21500015258789,45.754146575927734,42.65400695800781,27.580137252807617,20.175561904907227,-3.645805835723877,3.4309020042419434,-2.23060941696167,-0.8306270837783813,-13.073037147521973,4.258295059204102,-0.21622012555599213
section_00_0139.wav,0.0428670272231102,0.11214456287955465,5.344025611877441,-163.20928955078125,92.36792755126953,-17.493528366088867,6.790369987487793,-2.535475254058838,8.240483283996582,-4.340295791625977,8.7687349319458,4.430224418640137,10.546321868896484,1.705696702003479,12.344034194946289,-4.844139575958252
section_00_0065.wav,0.032492298632860184,0.11078646887651822,4.339714050292969,-183.9076690673828,90.897705078125,-13.281264305114746,12.596808433532715,-1.8180862665176392,7.55728816986084,-5.307682991027832,11.447785377502441,6.782104015350342,11.955487251281738,3.5181593894958496,13.748211860656738,-8.248269081115723
section_00_0071.wav,0.029039856046438217,0.15050330528846154,4.450026035308838,-204.44871520996094,57.28049087524414,20.31467056274414,32.392578125,4.063304424285889,13.206438064575195,8.765180587768555,7.979492664337158,-3.0488498210906982,10.495190620422363,-3.9290618896484375,5.087862968444824,-2.6866564750671387
section_00_0059.wav,0.03812029957771301,0.05322067940283401,3.376558780670166,-236.82821655273438,85.93280029296875,21.23994255065918,22.312057495117188,5.182065486907959,12.328901290893555,4.3949384689331055,4.84926176071167,5.576979637145996,5.128960132598877,-1.5200151205062866,4.334437370300293,-3.6454288959503174
section_00_0058.wav,0.030634917318820953,0.08756049152327935,4.583310127258301,-221.46368408203125,83.61944580078125,5.409239768981934,20.649383544921875,3.5751473903656006,17.067853927612305,1.9661625623703003,12.199872970581055,7.591745376586914,9.610594749450684,-3.902782917022705,8.83959674835205,1.8772727251052856
section_00_0070.wav,0.0275302454829216,0.10928406503036438,3.652756452560425,-200.9849090576172,90.95275115966797,-9.792673110961914,8.014548301696777,-4.722405910491943,7.990259647369385,-6.3748860359191895,9.777594566345215,8.622329711914062,15.06156063079834,4.011312007904053,13.389755249023438,-10.172584533691406
section_00_0064.wav,0.040114875882864,0.05530032262145749,3.498549222946167,-230.44967651367188,86.90097045898438,23.854127883911133,24.840669631958008,11.269696235656738,15.129005432128906,5.130890846252441,-1.1308246850967407,2.6542112827301025,4.323375701904297,-6.50990104675293,-2.9423606395721436,-6.163730621337891
section_00_0138.wav,0.03846238553524017,0.05365558577935223,3.263598680496216,-251.42709350585938,83.08147430419922,24.589765548706055,28.668384552001953,5.306251525878906,16.170028686523438,5.782628059387207,4.458190441131592,5.487902641296387,3.237546920776367,-2.6054375171661377,3.4028754234313965,-3.869616985321045
section_00_0104.wav,0.02467912994325161,0.0804201195597166,2.3126800060272217,-303.7410888671875,53.03202438354492,54.135765075683594,58.19173812866211,25.237934112548828,32.23237991333008,-0.6753439903259277,5.919833183288574,-3.905763626098633,-4.507513046264648,-15.472038269042969,-2.5539093017578125,-0.3488427698612213
section_00_0110.wav,0.039612457156181335,0.09459016004554656,4.58248233795166,-200.229248046875,95.93476104736328,-16.127765655517578,24.24595069885254,3.002307176589966,9.464264869689941,-4.247461795806885,4.2980780601501465,-0.03980727866292,17.507780075073242,-0.5575205087661743,4.912447452545166,-7.477653503417969
section_00_0128.wav,0.04232809320092201,0.09030237854251012,4.905016899108887,-190.09608459472656,98.90828704833984,-18.578880310058594,24.845806121826172,5.254253387451172,8.168977737426758,-1.608986258506775,4.090967178344727,0.9243808388710022,18.002328872680664,-1.089825987815857,4.716088771820068,-7.0485663414001465
section_00_0114.wav,0.028619173914194107,0.1083035488360324,3.849879741668701,-210.4484405517578,71.08519744873047,11.891263961791992,24.004425048828125,3.976492166519165,21.22037124633789,7.623954772949219,6.869811058044434,-2.055819272994995,7.402493953704834,-1.1164624691009521,1.0825755596160889,-6.105488300323486
section_00_0100.wav,0.04333414137363434,0.08694371520748988,4.798966407775879,-194.0982666015625,96.08807373046875,-17.21333885192871,23.824066162109375,5.389499664306641,6.895153999328613,-1.8639695644378662,4.74025297164917,-0.6248695850372314,18.137819290161133,-1.7108739614486694,4.919919013977051,-8.129059791564941
section_00_0048.wav,0.04157071188092232,0.08826029542004049,4.760689735412598,-198.2140655517578,96.70501708984375,-17.336206436157227,25.398117065429688,4.685361862182617,7.505992889404297,-3.2559945583343506,5.692572593688965,-0.5320397615432739,17.267820358276367,-0.2245853990316391,4.659832954406738,-7.83144474029541
section_00_0060.wav,0.032227445393800735,0.12061139929149797,4.747898101806641,-202.30657958984375,76.66602325439453,-1.7599457502365112,19.084850311279297,3.5333237648010254,17.99500846862793,-3.700160026550293,14.06167984008789,10.72088623046875,13.269903182983398,-5.226024627685547,5.233463287353516,-2.264704704284668
section_00_0074.wav,0.04343177750706673,0.04679592611336032,3.4739227294921875,-238.5267791748047,86.15242004394531,22.42408561706543,27.39105224609375,9.245174407958984,13.91401481628418,6.357212543487549,3.9457008838653564,4.866786956787109,4.9679951667785645,-2.773911476135254,4.379820346832275,-4.386907577514648
section_00_0075.wav,0.032077088952064514,0.10371924025809717,4.157750129699707,-187.82423400878906,91.4209976196289,-8.758279800415039,12.421756744384766,-2.10528302192688,9.034207344055176,-4.864659309387207,8.830753326416016,6.138733863830566,14.03581714630127,3.6850521564483643,14.38692855834961,-8.313401222229004
section_00_0061.wav,0.03311098366975784,0.10001858236336032,4.193705081939697,-208.50294494628906,93.96305847167969,-15.418724060058594,21.959877014160156,4.541141510009766,8.41722583770752,-3.517455816268921,4.043941020965576,-0.3189765512943268,17.776166915893555,-1.8181737661361694,5.658266544342041,-8.825669288635254
section_00_0049.wav,0.03033566288650036,0.1854737316548583,4.4716796875,-245.1156005859375,29.372285842895508,56.95904541015625,45.91345977783203,22.479658126831055,26.304264068603516,0.315799742937088,-0.36175537109375,-2.9507992267608643,-0.03574436157941818,-11.121021270751953,3.99835205078125,-4.958273410797119
section_00_0101.wav,0.029140491038560867,0.11116800037955465,3.352463483810425,-241.45774841308594,44.81973648071289,43.62319564819336,44.77264404296875,27.75535011291504,21.32366943359375,-3.481414556503296,3.5756173133850098,-2.9479031562805176,-0.9376992583274841,-12.362205505371094,2.4233291149139404,-0.6433507800102234
section_00_0115.wav,0.028227806091308594,0.2730638758856275,5.9457550048828125,-162.86151123046875,25.223051071166992,9.081649780273438,23.050037384033203,9.294953346252441,6.758268356323242,-5.375524997711182,9.266227722167969,4.716093063354492,3.8772220611572266,5.670355319976807,8.21812915802002,-1.5658924579620361
section_00_0129.wav,0.029885100200772285,0.1175512398785425,4.462121963500977,-206.70993041992188,82.30337524414062,-3.5830516815185547,17.839040756225586,5.99172830581665,18.81379508972168,-2.881190061569214,11.679553031921387,6.316721439361572,16.45924186706543,-2.1516637802124023,3.519225597381592,-2.9276227951049805
section_00_0103.wav,0.03916287422180176,0.059232271634615384,3.757918357849121,-230.07098388671875,83.89543914794922,20.7282772064209,28.57123374938965,4.879262447357178,11.871399879455566,5.287199020385742,4.961390495300293,2.4035286903381348,6.057624340057373,-0.386078804731369,3.003993272781372,-3.446763753890991
section_00_0117.wav,0.029354291036725044,0.11754530933704453,4.993443965911865,-219.878662109375,74.69218444824219,1.0042122602462769,19.578323364257812,7.952111721038818,17.347333908081055,-4.66649055480957,12.477926254272461,11.219815254211426,11.110438346862793,-7.495937347412109,7.3228044509887695,1.5192242860794067
section_00_0088.wav,0.029887674376368523,0.11399291497975708,5.88145637512207,-214.7408447265625,79.6146240234375,-1.686781406402588,20.488040924072266,4.164076328277588,18.62511444091797,-2.0257151126861572,12.517931938171387,5.753813743591309,11.427571296691895,-3.4283504486083984,12.03689193725586,-1.4811352491378784
section_00_0077.wav,0.027979793027043343,0.22693612411437247,5.455568313598633,-164.19403076171875,42.28172302246094,5.5166778564453125,16.252416610717773,10.469232559204102,6.075146198272705,-5.479857921600342,9.048319816589355,0.29368507862091064,8.768080711364746,0.9687690734863281,8.888290405273438,-4.42742395401001
section_00_0063.wav,0.03697013854980469,0.048086807312753034,3.313687562942505,-258.5622863769531,89.82794189453125,17.64821434020996,33.07197570800781,4.588950157165527,18.743833541870117,4.869877815246582,7.250284194946289,3.8955509662628174,6.80535364151001,-6.5639824867248535,5.657390594482422,-5.568517684936523
section_00_0062.wav,0.02765500731766224,0.2825883255313765,5.844720363616943,-164.04161071777344,27.656503677368164,7.784921169281006,17.68341636657715,13.589678764343262,5.157168388366699,-1.583098292350769,8.717188835144043,0.9382196068763733,8.830592155456543,1.5540390014648438,8.572251319885254,-3.4849131107330322
section_00_0076.wav,0.04289689287543297,0.040683514676113364,3.156200647354126,-248.69546508789062,86.49444580078125,24.930204391479492,30.578813552856445,7.980201721191406,16.482315063476562,5.89515495300293,5.030453681945801,5.639342784881592,3.8932504653930664,-3.6046807765960693,3.83609938621521,-4.794970512390137
section_00_0089.wav,0.028518175706267357,0.17181767143218624,4.769591331481934,-214.24766540527344,57.483116149902344,16.840160369873047,21.024335861206055,9.088943481445312,13.663492202758789,13.171422958374023,9.719351768493652,-1.1138231754302979,8.516822814941406,2.030468225479126,4.2238078117370605,0.9200672507286072
section_00_0116.wav,0.026364631950855255,0.15275098051619435,4.138117790222168,-243.51768493652344,58.43695068359375,25.680646896362305,26.993101119995117,5.804032325744629,19.053726196289062,11.642370223999023,11.062901496887207,0.2202109545469284,7.689945697784424,-0.662091851234436,5.681479454040527,0.48531776666641235
section_00_0102.wav,0.0265710037201643,0.11990764170040485,4.661924839019775,-215.6498565673828,79.13148498535156,-1.6407597064971924,16.557994842529297,2.89711594581604,16.899606704711914,-2.2943129539489746,10.470948219299316,4.560614109039307,15.399157524108887,-2.7527220249176025,7.062095642089844,0.1920521855354309
